"ASE Email Id","ASE Name","ASE Employee Code","ASE State","ASE City","AW Name","AW Code","AW State","AW City","AWSM Name","AWSM Code","AWSM State","AWSM City","Region","Status","Reason"
"pradeepks@britindia.com","pradeep kumar shivsahay shukla","1013372","GUJARAT","BARODA","VENUS ENTERPRISE","31077","GUJARAT","BARODA","Ajay Kumar Parmar","31077-3","GUJARAT","BARODA","WEST","Success","NA"
"pravinsuresh@britindia.com","PRAVIN UNMATE","1009911","Madhya Pradesh","INDORE","AJMERA PROVISION STORE","23905","Madhya Pradesh","BHOPAL","Akash choudhary","CMPS024109","Madhya Pradesh","BHOPAL","Central","Success","NA"
"tlakesh@britindia.com","Lakesh Kumar","1011491","Telangana","Armoor","LAXMI AGENCIES","35387","Telangana","Husnabad","Kandukuri","CTLS024130","Telangana","Husnabad","South 1","Success","NA"
"NA","NA","NA","ASSAM","NA","SHANMUGA TRADERS","37428","Tamil Nadu","CHENGALPATTU","Vinoth Kumar","CTNS024129","Tamil Nadu","CHENGALPATTU","South 2","Success","NA"
"NA","NA","NA","NA","NA","SHANMUGA TRADERS","37428","Tamil Nadu","CHENGALPATTU","Kamalakannan D","CTNS024125","Tamil Nadu","CHENGALPATTU","South 2","Success","NA"
"NA","NA","NA","NA","NA","SHANMUGA TRADERS","37428","Tamil Nadu","CHENGALPATTU","Sugumar","CTNS024131","Tamil Nadu","CHENGALPATTU","South 2","Success","NA"
"divakars@britindia.com","DIWAKAR SEKAR","1012946","TAMILNADU","VILLUPURAM","RAJAM ENTERPRISES","1166","Tamil Nadu","VILLUPURAM","S DHAVAMANI","1166-16","Tamil Nadu","VILLUPURAM","South 2","Success","NA"
"sunnyj@britindia.com","SUNNY JAISWAL","1012524","UTTAR PRADESH","Auraiya","M/S  MAA VINDHVASINI GENERAL STORE","36569","Uttar Pradesh","Auraiya","SACHIN KUMAR","CUPS024076","Uttar Pradesh","Auraiya","North 2","Success","NA"
"divakars@britindia.com","DIWAKAR SEKAR","1012946","TAMILNADU","VILLUPURAM","RAJAM ENTERPRISES","1166","Tamil Nadu","VILLUPURAM","Sureshbabu","1166-20","Tamil Nadu","VILLUPURAM","South 2","Success","NA"
"sukanthsagar@britindia.com","SUKANTHSAGAR","1012623","TAMIL NADU","CHENNAI","SRI KAUSHIKA AGENCY","20397","Tamil Nadu","THIRUPORUR","Vinoth Kumar","CTNS024126","Tamil Nadu","THIRUPORUR","South 2","Success","NA"
"sukanthsagar@britindia.com","SUKANTHSAGAR","1012623","TAMIL NADU","CHENNAI","SRI KAUSHIKA AGENCY","20397","Tamil Nadu","THIRUPORUR","Sugumar K","CTNS024127","Tamil Nadu","THIRUPORUR","South 2","Success","NA"
"surajck@britindia.com","SURAJ KASHIKAR","1012673","MAHARASHTRA","YAVATMAL/WARDHA","NAMO TRADERS","37293","MAHARASHTRA","HINGANGHAT","JAYANT PADMAKAR THOTANGARE","CMHS01608","MAHARASHTRA","HINGANGHAT","WEST","Success","NA"
"ramuchaubey@britindia.com","RAMU CHAUBEY","1013511","UTTAR PRADESH","Rae Bareli","MADHUR AGENCY","35548","UTTAR PRADESH","Rae Bareli","Vishnu","CUPS024099","Uttar Pradesh","Sitapur","NORTH","Success","NA"
"NA","NA","NA","NA","NA","HARE KRISHNA ENTERPRISES","37397","Tamil Nadu","cuddalore","VIGNESH","CTNS024105","Tamil Nadu","cuddalore","South 2","Success","NA"
"sunnyj@britindia.com","SUNNY JAISWAL","1012524","UTTAR PRADESH","Auraiya","M/S  MAA VINDHVASINI GENERAL STORE","36569","Uttar Pradesh","Auraiya","SACHIN KUMAR","CUPS024078","Uttar Pradesh","Auraiya","North 2","Success","NA"
"shubhamb@britindia.com","shubham kale","1011688","maharastra","pune","MIHIR DISTRIBUTORS","36931","Maharashtra","Pune","sujit","CMHS024005","Maharashtra","Pune","West","Success","NA"
"NA","NA","NA","NA","NA","A R TRADERS","37388","Maharashtra","Kolhapur","Anil","CMHS024051","Maharashtra","Kolhapur","West","Success","NA"
"NA","NA","NA","NA","NA","GYANTI KIRANA STOR","37181","Bihar","ARWAL","SUJIT KUMAR","CBRS024026","Bihar","ARWAL","Central","Success","NA"
"NA","NA","NA","NA","NA","Rani Enterprises","37387","Bihar","Hasanpura","PRIYANSHU","CBRS024062","Bihar","Hasanpura","Central","Success","NA"
"rameshbabus@britindia.com","Rameshbabu","1008042","Telangana","Nolganda","SANJANA ENTERPRISES","25971","Telangana","BHADRACHALAM","SRINIVAS","CTLS024023","Telangana","BHADRACHALAM","South 1","Success","NA"
"NA","NA","NA","NA","NA","LAXMI TRADERS","37395","Jharkhand","DHANBAD","Pranay Raj","CJHS024025","Jharkhand","DHANBAD","Central","Success","NA"
"NA","NA","NA","NA","NA","CHINTALAPUDI SESHAGIRI RAO","34841","Seemandhra","CHIRALA","Subarao","CAPS024017","Seemandhra","CHIRALA","South 1","Success","NA"
"shubhamb@britindia.com","shubham kale","1011688","maharastra","pune","MIHIR DISTRIBUTORS","36931","Maharashtra","Pune","DEEPAK","CMHS024007","Maharashtra","Pune","West","Success","NA"
"NA","NA","NA","NA","NA","SHRI  RAM  TRADERS.","37081","Gujarat","Surat","RAHUL","CGJS024022","Gujarat","Surat","West","Success","NA"
"ezhilarasan@britindia.com","Ezhil","1009061","Tamil Nadu","Tamil Nadu","RAJALAKSHMI FOUNDATION","23896","Tamil Nadu","CHENNAI","B.MANOJ","CTNS023985","Tamil Nadu","CHENNAI","South 2","Success","NA"
"NA","NA","NA","NA","NA","YASH MARKETING","37393","Maharashtra","Jalgaon","Bhagyesh Ramesh Patil","CMHS023987","Maharashtra","Jalgaon","West","Success","NA"
"dhrubkarn@britindia.com","DHRUB KUMAR KARN","1007333","BIHAR","MADHUBANI","JAY BABA BARFANI ENTERPRISES","37396","BIHAR","BENIPATTI","SUCHIT JHA","CBRS023969","BIHAR","BENIPATTI","CENTRAL","Success","NA"
"shubhamb@britindia.com","shubham kale","1011688","maharastra","pune","MIHIR DISTRIBUTORS","36931","Maharashtra","Pune","VIKAS","CMHS024006","Maharashtra","Pune","West","Success","NA"
"prasannars@britindia.com","R.S.Prasanna","1011387","Tamilnadu","Chennai","VRITTHI AGENCY","18685","Tamilnadu","Chennai","Yusuf Khan","18685-6","Tamilnadu","Chennai","SOUTH 2","Success","NA"
"prasannars@britindia.com","R.S.Prasanna","1011387","Tamilnadu","Chennai","VRITTHI AGENCY","18685","Tamilnadu","Chennai","Prasanna","18685-45","Tamilnadu","Chennai","SOUTH 2","Success","NA"
"NA","NA","NA","NA","NA","DEV SHOPING MART","37309","Rajasthan","Rajsamand","Nirmal","CRJS023959","Rajasthan","Rajsamand","North 2","Success","NA"
"darshansj@britindia.com","DARSHAN S J","1013313","KARNATAKA","CHIKKMAGALUR","SRI MARUTHI STOCKS AND INVESTMENTS","36777","Karnataka","KADUR","AKASH","CKAS023955","Karnataka","KADUR","South 1","Success","NA"
"NA","NA","NA","NA","NA","JANARDAN MARKETING","37100","Maharashtra","Mumbai","SAGAR","CMHS023951","Maharashtra","Mumbai","West","Success","NA"
"wilfredjr@britindia.com","Wilfred Jose Renepeter","1013414","Tamil Nadu","TNAMAKKAL","SUDHA AGENCIES.","35830","Tamil Nadu","TIRUCHENGODE","GUNASEKARAN","CTNS023881","Tamil Nadu","TIRUCHENGODE","South 2","Success","NA"
"prashantks@britindia.com","PRASHANT KUMAR SHARMA","1013216","UTTAR PRADESH","DELHI","INTELLIGENT RETAIL PRIVATE LIMITED","36596","Delhi","Delhi","HARSH","CDLS023946","Delhi","Delhi","North 1","Success","NA"
"praveenkt@britindia.com","T.PRAVEEN KUMAR","1008379","TELANGANA","WARANGAL","GANAPATHI ENTERPRISES","27594","Telangana","NARASAMPET","THOTA RAMMOHAN","CTLS023935","Telangana","NARASAMPET","South 1","Success","NA"
"sanjayk@britindia.com","Sanjay Kumar","1011366","Punjab","Khamano","Chetal Agencies","37289","Punjab","Balachaur","Rajeev Kumar","CPBS023934","Punjab","Balachaur","North1","Success","NA"
"NA","NA","NA","NA","NA","BALAJI ENTERPRISE","37404","West Bengal","CHANCHAL","Sanjoy","CWBS023913","West Bengal","CHANCHAL","East","Success","NA"
"srinivasatm@britindia.com","Srinivasa TM","1009782","Karnataka","Bangalore","SLN ENTERPRISES","24444","Karnataka","BANGLORE","SHASHI","24444-3","Karnataka","Bangalore","South 1","Success","NA"
"husenpd@britindia.com","Husen Patel","1012133","Karnataka","BENGALORE","S.G.MARKETING","958","Karnataka","BANGALORE","SHANKAR","958-26","Karnataka","BANGALORE","South 1","Success","NA"
"husenpd@britindia.com","Husen Patel","1012133","Karnataka","BENGALORE","S.G.MARKETING","958","Karnataka","BANGALORE","Surya S","958-11","Karnataka","BANGALORE","South 1","Success","NA"
"vishvambharm@britindia.com","Vishvambhar nath mishra","101142","CHHATTISGARH","RAIPUR RURAL","VARDAAN SALES","27046","Chhattisgarh","DHAMTARI","TUSHAR","CCGS023876","Chhattisgarh","DHAMTARI","Central","Success","NA"
"wilfredjr@britindia.com","Wilfred Jose Renepeter","1013414","Tamil Nadu","TNAMAKKAL","Haneesh Agencies","36482","Tamil Nadu","Namakkal","YOGESHWARAN","CTNS023879","Tamil Nadu","Namakkal","South 2","Success","NA"
"rupeshc@britindia.com","Rupesh Chikane","1008686","Maharashtra","Mumbai","SARANG ENTERPRISES","22543","Maharashtra","Mumbai","Ganpatlal  Khiwaram Chaudhary ","22543-2","Maharashtra","""NAVI MUMBAI"," TURBHE""",,
"NA","NA","NA","NA","NA","APRAJITA ENTERPRISES","37390","Uttar Pradesh","Ghazipur","Ajeet","CUPS023886","Uttar Pradesh","Ghazipur","North 2","Success","NA"
"krishnasm@britindia.com","KRISHNA MUSALE","1013407","MAHARASHTRA","AURANGABAD","SHIV SAI AGENCY","37254","MAHARASHTRA","KANNAD","RAHUL KOLI","CMHS023856","MAHARASHTRA","KANNAD","WEST","Success","NA"
"wilfredjr@britindia.com","Wilfred Jose Renepeter","1013414","Tamil Nadu","TNAMAKKAL","Haneesh Agencies","36482","Tamil Nadu","Namakkal","YOGESHWARAN","CTNS023878","Tamil Nadu","Namakkal","South 2","Success","NA"
"rajneeshk@britindia.com","Rajneesh Kumar","1009699","Punjab","Ludhiana","SATGURU ATTA CHAKKI","37369","Punjab","Ludhiana","saleman 3","CPBS023822","Punjab","Ludhiana","North 1","Success","NA"
"rajneeshk@britindia.com","Rajneesh Kumar","1009699","Punjab","Ludhiana","SATGURU ATTA CHAKKI","37369","Punjab","Ludhiana","saleman 4","CPBS023823","Punjab","Ludhiana","North 1","Success","NA"
"rupeshc@britindia.com","Rupesh Chikane","1008686","Maharashtra","Mumbai","SARANG ENTERPRISES","22543","Maharashtra","Mumbai","SUJIT AMRUTLAL JONAV ","22543-1","Maharashtra","""NAVI MUMBAI"," TURBHE""",,
"rajneeshk@britindia.com","Rajneesh Kumar","1009699","Punjab","Ludhiana","SATGURU ATTA CHAKKI","37369","Punjab","Ludhiana","saleman 1","CPBS023820","Punjab","Ludhiana","North 1","Success","NA"
"rajneeshk@britindia.com","Rajneesh Kumar","1009699","Punjab","Ludhiana","SATGURU ATTA CHAKKI","37369","Punjab","Ludhiana","saleman 2","CPBS023821","Punjab","Ludhiana","North 1","Success","NA"
"NA","NA","NA","NA","NA","JAGDISH ENTERPRISES","37333","Uttar Pradesh","Ghaziabad","ROHIT","CUPS023800","Uttar Pradesh","Ghaziabad","North 2","Success","NA"
"tarachandroy@britindia.com","Tarachand Roy","1007947","Jharkhand","LOHARDAGA","SAHU AGENCY","37386","Jharkhand","LOHARDAGA","Manorajan Kumar","CJHS023789","Jharkhand","LOHARDAGA","Central","Success","NA"
"wilfredjr@britindia.com","Wilfred Jose Renepeter","1013414","Tamil Nadu","TNAMAKKAL","Haneesh Agencies","36482","Tamil Nadu","Namakkal","YOGESHWARAN","CTNS023880","Tamil Nadu","Namakkal","South 2","Success","NA"
"kpankaj@britindia.com","Pankaj Kumar","1009974","Bihar","BEGUSARAI","ANJANEY ENTERPRISES","37360","Bihar","BEGUSARAI","Birendra","CBRS023795","Bihar","BEGUSARAI","Central","Success","NA"
"gowthamk@britindia.com","GOWTHAM K","1008141","Tamil Nadu","Erode","THULIR AGENCY","25999","Tamil Nadu","ERODE","NAGARAJ SHANMUGAM","CTNS002780","Tamil Nadu","ERODE","South 2","Success","NA"
"prakashnath@britindia.com","PRAKASH  NATH","1009426","ASSAM","GUWAHATI","GAURANGA TRADE AGENCY","13953","Assam","GUWAHATI","RABIN","CASS023817","Assam","GUWAHATI","East","Success","NA"
"prarabdhak@britindia.com","PRARABDHA KHOBRAGADE","1009096","Maharashtra","MOSHI","PRATHMESH ENTERPRISES","29809","Maharashtra","MOSHI","NARESH CHOUDHARY","CMHS008885","Maharashtra","MOSHI","West","Success","NA"
"omtrivedi@britindia.com","Om Trivedi","1013458","Chhattisgarh","Kondagaon","Jindutta Agencies","1377","Chhattisgarh","Jagdalpur","Sagar Patel","Cggs004433","Chhattisgarh","Jagdalpur","Central","Success","NA"
"makhtar@britindia.com","MOHAMMAD AKHTAR","1008625","HARYANA","FARIDABAD","DAS ENTERPRISES","11812","HARYANA","FARIDABAD","Parveen Kumar","11812-163","HARYANA","FARIDABAD","NORTH1","Success","NA"
"NA","NA","NA","NA","NA","MAA AMBEY TRADERS","37374","Jharkhand","Chotki pona","MITHLESH","CJHS023779","Jharkhand","Chotki pona","Central","Success","NA"
"makhtar@britindia.com","MOHAMMAD AKHTAR","1008625","HARYANA","FARIDABAD","DAS ENTERPRISES","11812","HARYANA","FARIDABAD","Rakesh","11812-156","Haryana","FARIDABAD (BALLABHGARH)","NORTH1","Success","NA"
"makhtar@britindia.com","MOHAMMAD AKHTAR","1008625","HARYANA","FARIDABAD","SHIVAAY SYNDICATES","37217","HARYANA","FARIDABAD","RAHUL","CHRS022623","HARYANA","FARIDABAD","NORTH-1","Success","NA"
"makhtar@britindia.com","MOHAMMAD AKHTAR","1008625","HARYANA","FARIDABAD","DAS ENTERPRISES","11812","HARYANA","FARIDABAD","ANIL","11812-171","Haryana","FARIDABAD (BALLABHGARH)","NORTH1","Success","NA"
"NA","NA","NA","NA","NA","MS ENTERPRISES","37211","Uttar Pradesh","NOIDA","MANOJ","CUPS023775","Uttar Pradesh","NOIDA","North 2","Success","NA"
"husenpd@britindia.com","Husen Patel","1012133","Karnataka","BENGALORE","S.G.MARKETING","958","Karnataka","BANGALORE","VELAN S2","CKAS023773","Karnataka","BANGALORE","South 1","Success","NA"
"makhtar@britindia.com","MOHAMMAD AKHTAR","1008625","HARYANA","FARIDABAD","DAS ENTERPRISES","11812","HARYANA","FARIDABAD","Anuj","11812-160","Haryana","FARIDABAD (BALLABHGARH)","NORTH1","Success","NA"
"pendhotab@britindia.com","P Bharath","1013597","Telangana","Karimnagar","ANKITH AGENCIES","37171","Telangana","Karimnagar","Aavula","CTLS023758","Telangana","Karimnagar","South 1","Success","NA"
"shivansht@britindia.com","Shivansh Tiwari","1013595","RAJASTHAN","Shivansh Tiwari","GAUTAM AGENCIES","30006","RAJASTHAN","Beawar","Praveen","CRJS021486","RAJASTHAN","Beawar","NORTH 2","Success","NA"
"pendhotab@britindia.com","P Bharath","1013597","Telangana","Karimnagar","ANKITH AGENCIES","37171","Telangana","Karimnagar","Maram","CTLS023761","Telangana","Karimnagar","South 1","Success","NA"
"vikramb@britindia.com","Vikram B","1010981","KARNATAKA","BANGALORE","PRITHVIKA ENTERPRISES","21316","Karnataka","BANGALORE","ARUN KUMAR MS","CKAS023767","Karnataka","BANGALORE","South 1","Success","NA"
"nitishgupta@britindia.com","Nitish  Kumar","1006471","Bihar","Motipur","JAI MATA DI TRADING","37324","Bihar","Motipur","BITTU  KUMAR","CBRS023744","Bihar","Motipur","Central","Success","NA"
"NA","NA","NA","NA","NA","MILITARION CORPORATION","37383","Tamil Nadu","Usilampatti","RAJKUMAR","CTNS023737","Tamil Nadu","Usilampatti","South 2","Success","NA"
"NA","NA","NA","NA","NA","MILITARION CORPORATION","37383","Tamil Nadu","Usilampatti","KARTHIK","CTNS023736","Tamil Nadu","Usilampatti","South 2","Success","NA"
"mahendram@britindia.com","MAHENDRA MOGER","1012991","KARNATAKA","HOSKOTE","S S ENTERPRISES","36093","Karnataka","Hoskote","ANAND","CKAS023734","Karnataka","Hoskote","South 1","Success","NA"
"NA","NA","NA","NA","NA","MILITARION CORPORATION","37383","Tamil Nadu","Usilampatti","PAPULPANDI","CTNS023735","Tamil Nadu","Usilampatti","South 2","Success","NA"
"srinivasatm@britindia.com","Srinivasa TM","1009782","Karnataka","Bangalore","SLN ENTERPRISES","24444","Karnataka","BANGLORE","RUCHITH","CKAS023708","Karnataka","BANGLORE","South 1","Success","NA"
"NA","NA","NA","NA","NA","KUBERA ENTERPRISES","37315","Orissa","jharsuguda","Pankaj","CORS023731","Orissa","jharsuguda","East","Success","NA"
"satishgawde@britindia.com","Satish Gawade","1007776","Maharashtra","Tarle","SHREE MAHALAXMI TRADERS","37361","Maharashtra","Tarle","CHAITANYA","CMHS023722","Maharashtra","Tarle","West","Success","NA"
"satishgawde@britindia.com","Satish Gawade","1007776","Maharashtra","Tarle","SHREE MAHALAXMI TRADERS","37361","Maharashtra","Tarle","CHINMAY","CMHS023719","Maharashtra","Tarle","West","Success","NA"
"gpothiraja@britindia.com","G POTHIRAJA","1012935","TAMIL NADU","KARUR","SHIVANYAA AGENCIES","32966","Tamil Nadu","KARUR","DAYANANDHAN","CTNS023725","Tamil Nadu","KARUR","South 2","Success","NA"
"arvindk@britindia.com","Arvind kumar","1011724","DELHI","DELHI","INTELLIGENT RETAIL PRIVATE LIMITED","35675","Delhi","Delhi?","Karan","CDLS023721","Delhi","Delhi?","North 1","Success","NA"
"satishgawde@britindia.com","Satish Gawade","1007776","Maharashtra","Tarle","SHREE MAHALAXMI TRADERS","37361","Maharashtra","Tarle","ANAND","CMHS023718","Maharashtra","Tarle","West","Success","NA"
"dillipkr@britindia.com","Dillip Kumar Raul","1007860","Delhi","Delhi","NEGI STORE","37132","Delhi","Delhi","COUNTER SALESMAN","CDLS023716","Delhi","Delhi","North 1","Success","NA"
"marutarao@britindia.com","Marutarao kulkarni","1013534","Karanataka","Banglore","KISHORE MARKETING","15457","Karnataka","TUMKURRDBANGALORE","VENKAT REDDY 2","CKAS023675","Karnataka","TUMKURRDBANGALORE","South 1","Success","NA"
"mdimrana@britindia.com","MD Imran Akhtar","1012500","Bihar","BIDUPUR","ABHI ENTERPRISES","37365","Bihar","BIDUPUR","TARAK","CBRS023714","Bihar","BIDUPUR","Central","Success","NA"
"riteshn@britindia.com","Ritesh Natal","1011550","Uttar Pradesh","Khajni","M/S SHASHI TRADERS","37242","Uttar Pradesh","Khajni","Counter Mapping","CUPS023674","Uttar Pradesh","Khajni","North 2","Success","NA"
"nivins@britindia.com","NIVIN S","1012323","KERALA","PALAKKAD","SABARI DISTRIBUTION PVT LTD","37359","KERALA","PALAKKAD","PKD SANDEEP S","CKLS023667","KERALA","PALAKKAD","SOUTH 2","Success","NA"
"nivins@britindia.com","NIVIN S","1012323","KERALA","PALAKKAD","SABARI DISTRIBUTION PVT LTD","37359","KERALA","PALAKKAD","PKD JAMEESA N","CKLS023670","KERALA","PALAKKAD","SOUTH 2","Success","NA"
"nileshn@britindia.com","Nilesh Patil","1012498","Maharashtra","HAROLI","Naman Enterprises","37335","Maharashtra","HAROLI","Deepak","CMHS023712","Maharashtra","HAROLI","West","Success","NA"
"prashantks@britindia.com","PRASHANT KUMAR SHARMA","1013216","UTTAR PRADESH","DELHI","INTELLIGENT RETAIL PRIVATE LIMITED","36596","Delhi","Delhi","PARUL","CDLS023672","Delhi","Delhi","North 1","Success","NA"
"nivins@britindia.com","NIVIN S","1012323","KERALA","PALAKKAD","SABARI DISTRIBUTION PVT LTD","37359","KERALA","PALAKKAD","PKD KRISHNANKUTTY V","CKLS023668","KERALA","PALAKKAD","SOUTH 2","Success","NA"
"nivins@britindia.com","NIVIN S","1012323","KERALA","PALAKKAD","SABARI DISTRIBUTION PVT LTD","37359","KERALA","PALAKKAD","PKD MURALIDHARAN M","CKLS023669","KERALA","PALAKKAD","SOUTH 2","Success","NA"
"prasanths@britindia.com","PRASANTH S KUMAR","1012499","Kerala","Ernakulam","SABARI DISTRIBUTION PVT.LTD.","33759","Kerala","Ernakulam","Anandhu KR","CKLS023552","Kerala","Ernakulam","South 2","Success","NA"
"nivins@britindia.com","NIVIN S","1012323","KERALA","PALAKKAD","SABARI DISTRIBUTION PVT LTD","37359","KERALA","PALAKKAD","PKD HARISHKUMAR","CKLS023666","KERALA","PALAKKAD","SOUTH 2","Success","NA"
"pendhotab@britindia.com","P Bharath","1013597","Telangana","Karimnagar","SRI LAXMI AGENCIES","29645","Telangana","Telangana","Counter sale","CTLS023638","Telangana","Telangana","South 1","Success","NA"
"sushants@britindia.com","Sushant Shinde","1013628","Goa","NORTH_GOA_TSI","KAMAKSHI TRADELINKS","33134","Goa","SANQUELIM","Counter","CGAS023572","Goa","SANQUELIM","West","Success","NA"
"karthickp@britindia.com","Karthick P","1013460","Tamil Nadu","CHENGALPET","KUMARAN ENTERPRISES","37276","Tamil Nadu","CHENGALPET","Selvaraj C S","CTamil NaduS023053","Tamil Nadu","CHENGALPET","South 2","Success","NA"
"ajitesha@britindia.com","Ajitesh Aman","1012727","Bihar","Bikramgunj","MAHABIR AGENCY","37207","Bihar","Bikramgunj","Ravi","CBRS023551","Bihar","Bikramgunj","Central","Success","NA"
"mahendram@britindia.com","MAHENDRA MOGER","1012991","KARNATAKA","HOSKOTE","S S ENTERPRISES","36093","Karnataka","Hoskote","SHIVANANDA","CKAS023501","Karnataka","Hoskote","South 1","Success","NA"
"mahendram@britindia.com","MAHENDRA MOGER","1012991","KARNATAKA","HOSKOTE","S S ENTERPRISES","36093","Karnataka","Hoskote","MANOJ","CKAS023499","Karnataka","Hoskote","South 1","Success","NA"
"karthickp@britindia.com","Karthick P","1013460","Tamil Nadu","CHENGALPET","KUMARAN ENTERPRISES","37276","Tamil Nadu","CHENGALPET","KUMARAN","CTamil NaduS023054","Tamil Nadu","CHENGALPET","South 2","Success","NA"
"karthickp@britindia.com","Karthick P","1013460","Tamil Nadu","CHENGALPET","KUMARAN ENTERPRISES","37276","Tamil Nadu","CHENGALPET","BALA GANESH","CTamil NaduS023055","Tamil Nadu","CHENGALPET","South 2","Success","NA"
"karthickp@britindia.com","Karthick P","1013460","Tamil Nadu","CHENGALPET","KUMARAN ENTERPRISES","37276","Tamil Nadu","CHENGALPET","G. Dhanasekaran","CTamil NaduS023052","Tamil Nadu","CHENGALPET","South 2","Success","NA"
"ashokrath@britindia.com","Ashok Kumar Rath","1012876","Orissa","Anugul","M/S-MAHIMA ENTERPRISES","33913","Orissa","Angul","Dommy","CORS023481","Orissa","Angul","East","Success","NA"
"karthickp@britindia.com","Karthick P","1013460","Tamil Nadu","CHENGALPET","ANDAWAR AGENCIES","9862","TamilNadu","CHENGALPET","Kamalakannan","CTamilNaduS023052","TamilNadu","CHENGALPET","South 2","Success","NA"
"maruthib@britindia.com","Maruthi B","1008221","Telangana","WANAPARTHY","VASAVI AGENCIES","29882","Telangana","NARAYANPET","Nasser","CTLS023438","Telangana","NARAYANPET","South 1","Success","NA"
"karthickp@britindia.com","Karthick P","1013460","Tamil Nadu","CHENGALPET","ANDAWAR AGENCIES","9862","TamilNadu","CHENGALPET","SS Raman","CTamilNaduS023054","TamilNadu","CHENGALPET","South 2","Success","NA"
"karthickp@britindia.com","Karthick P","1013460","Tamil Nadu","CHENGALPET","ANDAWAR AGENCIES","9862","TamilNadu","CHENGALPET","Raguman","CTamilNaduS023055","TamilNadu","CHENGALPET","South 2","Success","NA"
"karthickp@britindia.com","Karthick P","1013460","Tamil Nadu","CHENGALPET","ANDAWAR AGENCIES","9862","TamilNadu","CHENGALPET","Counter Sale","CTamilNaduS023053","TamilNadu","CHENGALPET","South 2","Success","NA"